<?xml version="1.0" encoding="utf-8"?>
<extension version="3.5" type="template">
<name>msjt</name>
<creationDate>2020-08-04</creationDate>
<author>DennisPater</author>
<authorEmail>d.pater1986@gmail.com</authorEmail>
<authorUrl>dennis.fampater.nl</authorUrl>
<copyright>Copyright© 2020-now</copyright>
<license>GNU/GPL</license>
<version>0.0.1</version>
<description>My Simple Joomla Template</description>
<files>
<filename>index.php</filename>
<filename>templateDetails.xml</filename>
<folder>images</folder>
<folder>css</folder>
</files>
<positions>
<position>breadcrumb</position>
<position>left</position>
<position>right</position>
<position>top</position>
<position>user1</position>
<position>user2</position>
<position>user3</position>
<position>user4</position>
<position>footer</position>
</positions>
   <updateservers>
    <server type="collection">https://github.com/dpater1986/msjt/edit/prior/.update/template.xml</server>
    <server type="extension" priority="2" name="My Extension's Updates">http://example.com/extension.xml</server>
 </updateservers>
</extension>
