<?xml version="1.0" encoding="utf-8"?>
<extension version="3.5" type="template">
	<name>msjt</name>
	<creationDate>2020-08-04</creationDate>
	<author>DennisPater</author>
	<authorEmail>d.pater1986@gmail.com</authorEmail>
	<authorUrl>dennis.fampater.nl</authorUrl>
	<copyright>Copyright© 2020-now</copyright>
	<license>GNU/GPL</license>
	<version>0.1.0</version>
	<description>My Simple Joomla Template</description>
	<files>
		<filename>index.php</filename>
		<filename>templateDetails.xml</filename>
		<folder>images</folder>
		<folder>css</folder>
	</files>
	<positions>
		<position>breadcrumb</position>
		<position>left</position>
		<position>right</position>
		<position>top</position>
		<position>user1</position>
		<position>user2</position>
		<position>user3</position>
		<position>user4</position>
		<position>footer</position>
	</positions>
	<updateservers>
		<server type="collection">https://raw.githubusercontent.com/dpater1986/msjt/main/releases/collection.xml</server>
		<server type="extension" priority="2" name="My Simple Joomla Template update file">https://raw.githubusercontent.com/dpater1986/msjt/main/releases/update.xml</server>
	</updateservers>
</extension>
