<updates>
	<update>
		<name>MSJT</name>
		<description>My Simple Joomla Template</description>
		<element>msjt</element>
		<type>template</type>
		<version>0.0.3</version>
		<infourl title="My Simple Joomle Template V0.0.3"><![CDATA[ My template update ]]></infourl>
		<downloads>
			<downloadurl type="full" format="zip">https://github.com/dpater1986/msjt/raw/v0.1.0/releases/msjt_v0.0.3.zip</downloadurl>
		</downloads>
		<v0.1.0tainer>Dennis Pater</v0.1.0tainer>
		<v0.1.0tainerurl>http://dennis.fampater.nl</v0.1.0tainerurl>
		<targetplatform name="joomla" version="3.[9]"/>
		<client>0</client>
		<client_id>0</client_id>
	</update>
	<update>
		<name>MSJT</name>
		<description>My Simple Joomla Template</description>
		<element>msjt</element>
		<type>template</type>
		<version>0.0.4</version>
		<infourl title="My Simple Joomle Template V0.0.4"><![CDATA[ My template update ]]></infourl>
		<downloads>
			<downloadurl type="full" format="zip">https://github.com/dpater1986/msjt/raw/v0.1.0/releases/msjt_v0.0.4.zip</downloadurl>
		</downloads>
		<v0.1.0tainer>Dennis Pater</v0.1.0tainer>
		<v0.1.0tainerurl>http://dennis.fampater.nl</v0.1.0tainerurl>
		<targetplatform name="joomla" version="3.[9]"/>
		<client>0</client>
		<client_id>0</client_id>
	</update>
	<update>
		<name>MSJT</name>
		<description>My Simple Joomla Template</description>
		<element>msjt</element>
		<type>template</type>
		<version>0.1.0</version>
		<infourl title="My Simple Joomle Template V0.1.0"><![CDATA[ My template update ]]></infourl>
		<downloads>
			<downloadurl type="full" format="zip">https://github.com/dpater1986/msjt/raw/v0.1.0/releases/msjt_v0.1.0.zip</downloadurl>
		</downloads>
		<v0.1.0tainer>Dennis Pater</v0.1.0tainer>
		<v0.1.0tainerurl>http://dennis.fampater.nl</v0.1.0tainerurl>
		<targetplatform name="joomla" version="3.[9]"/>
		<client>0</client>
		<client_id>0</client_id>
	</update>
	<update>
		<name>MSJT</name>
		<description>My Simple Joomla Template</description>
		<element>msjt</element>
		<type>template</type>
		<version>0.1.0</version>
		<infourl title="My Simple Joomle Template V0.1.0"><![CDATA[ My template update ]]></infourl>
		<downloads>
			<downloadurl type="full" format="zip">https://github.com/dpater1986/msjt/raw/v0.1.0/releases/msjt_v0.1.0.zip</downloadurl>
		</downloads>
		<maintainer>Dennis Pater</maintainer>
		<maintainerurl>http://dennis.fampater.nl</maintainerurl>
		<targetplatform name="joomla" version="3.[9]"/>
		<client>0</client>
		<client_id>0</client_id>
	</update>
</updates>
